INSERT INTO Aparat.admin (username, password) VALUES ('admin', 'adminadmin');
INSERT INTO Aparat.my_errors (err_number, err_description) VALUES (9000, 'User not found.');
INSERT INTO Aparat.my_errors (err_number, err_description) VALUES (9001, 'Entered password does not match.');
INSERT INTO Aparat.my_errors (err_number, err_description) VALUES (9002, 'Entered password must contain at least a number, an uppercase letter, and 8 characters.');
INSERT INTO Aparat.my_errors (err_number, err_description) VALUES (9003, 'Melli code must be exactly 10 characters.');
INSERT INTO Aparat.my_errors (err_number, err_description) VALUES (9004, 'A user with this Melli code has signed up before.');
INSERT INTO Aparat.my_errors (err_number, err_description) VALUES (9005, 'Phone number must be exactly 10 characters.');
INSERT INTO Aparat.my_errors (err_number, err_description) VALUES (9006, 'A user with this phone number has signed up before.');
INSERT INTO Aparat.my_errors (err_number, err_description) VALUES (9007, 'A user with this email has signed up before.');
INSERT INTO Aparat.my_errors (err_number, err_description) VALUES (9008, 'This username is already taken.');
INSERT INTO Aparat.my_errors (err_number, err_description) VALUES (9009, 'Amount value must be positive.');
INSERT INTO Aparat.my_errors (err_number, err_description) VALUES (9010, 'Not enough money.');
INSERT INTO Aparat.my_errors (err_number, err_description) VALUES (9011, 'Admin not found.');
INSERT INTO Aparat.my_errors (err_number, err_description) VALUES (9012, 'You don''t have any active vip-membership.');
INSERT INTO Aparat.my_errors (err_number, err_description) VALUES (9013, 'You haven''t bought this film before.');
INSERT INTO Aparat.my_errors (err_number, err_description) VALUES (9014, 'You have not watched this film before.');
INSERT INTO Aparat.my_errors (err_number, err_description) VALUES (9015, 'Not enough points.');
INSERT INTO Aparat.my_errors (err_number, err_description) VALUES (9016, 'You have been invited by another user before.');
INSERT INTO Aparat.my_errors (err_number, err_description) VALUES (9017, 'You both have got your points before.');
INSERT INTO Aparat.my_errors (err_number, err_description) VALUES (9018, 'You do not have access to add new films to this playlist.');
INSERT INTO Aparat.my_errors (err_number, err_description) VALUES (9019, 'This film is free.');
INSERT INTO Aparat.my_errors (err_number, err_description) VALUES (9020, 'You have not followed this user before.');        """
INSERT INTO Aparat.film (id, name, release_date, price, details, viewers, rate_avg, rates) VALUES (1, 'James Bond', '1961-10-19', 0, 'Bond is a British secret agent working for MI6 and answers to his codename, 007.', 0, 0, 0);
INSERT INTO Aparat.film (id, name, release_date, price, details, viewers, rate_avg, rates) VALUES (2, 'The Killer', '1998-07-06', 0, 'Hitman Ah Jong is on his last job for the Hong Kong Triad, but accidentally damages the eyes of a young nightclub singer named Jennie with muzzle flash in a shootout. After the attack...', 0, 0, 0);
INSERT INTO Aparat.film (id, name, release_date, price, details, viewers, rate_avg, rates) VALUES (3, 'Mission Impossible', '1996-01-01', 0, 'The series is mainly produced by and stars Tom Cruise, whose character is Ethan Hunt, an agent of the Impossible Missions Force (IMF).', 0, 0, 0);
INSERT INTO Aparat.film (id, name, release_date, price, details, viewers, rate_avg, rates) VALUES (4, 'Free Guy', '2021-08-11', 0, 'A bank teller called Guy realises he is a background character in an open world video game called Free City that will soon go offline.', 0, 0, 0);
INSERT INTO Aparat.film (id, name, release_date, price, details, viewers, rate_avg, rates) VALUES (5, 'Sponge on the Run', '2020-07-30', 100, 'When SpongeBob beloved pet snail Gary goes missing, a path of clues leads SpongeBob and Patrick to the powerful King Poseidon, who has Gary held captive in the Lost City of Atlantic City. ', 0, 0, 0);
INSERT INTO Aparat.film (id, name, release_date, price, details, viewers, rate_avg, rates) VALUES (6, 'Chaplin', '1992-12-18', 0, 'An aged Charlie Chaplin narrates his life to his autobiography''s editor, including his rise to wealth and comedic fame from poverty, his turbulent personal life and his run-ins with the FBI.', 0, 0, 0);
INSERT INTO Aparat.film (id, name, release_date, price, details, viewers, rate_avg, rates) VALUES (7, 'We Can Be Heroes', '2020-12-25', 0, 'It is a follow-up to The Adventures of Sharkboy and Lavagirl in 3-D. Rodriguez was also cinematographer and ...', 0, 0, 0);
INSERT INTO Aparat.film (id, name, release_date, price, details, viewers, rate_avg, rates) VALUES (8, 'Love and Monsters', '2020-10-16', 200, 'Seven years after the Monsterpocalypse, Joel Dawson, along with the rest of humanity, has been living underground ever since giant creatures took control of the land...', 0, 0, 0);
INSERT INTO Aparat.film (id, name, release_date, price, details, viewers, rate_avg, rates) VALUES (9, 'Toofaan', '2021-07-16', 200, 'Toofaan is a 2021 Indian Hindi-language sports drama film directed by Rakeysh Omprakash Mehra and starring Farhan Akhtar as a national level boxer', 0, 0, 0);
INSERT INTO Aparat.film (id, name, release_date, price, details, viewers, rate_avg, rates) VALUES (10, '365 Days', '2020-11-07', 0, 'Massimo is a member of the Sicilian Mafia family and Laura is a sales director...', 0, 0, 0);
INSERT INTO Aparat.film (id, name, release_date, price, details, viewers, rate_avg, rates) VALUES (11, 'The Harder They Fall', '2021-06-23', 150, 'When an outlaw discovers his enemy is being released from prison, he reunites his gang to seek revenge.', 0, 0, 0);
INSERT INTO Aparat.film (id, name, release_date, price, details, viewers, rate_avg, rates) VALUES (12, 'Benedetta', '2021-07-09', 250, 'a novice nun in the 17th century who joins an Italian convent and has a lesbian love affair with another nun', 0, 0, 0);
INSERT INTO Aparat.film (id, name, release_date, price, details, viewers, rate_avg, rates) VALUES (13, 'The Magnificent Seven', '2016-12-14', 20, 'Sam Chisolm, a warrant officer, is requested by the citizens of the town of Rose Creek to apprehend Bartholomew Bogue, a corrupt industrialist, and his ruthless gang who are terrorising them.', 0, 0, 0);
INSERT INTO Aparat.film (id, name, release_date, price, details, viewers, rate_avg, rates) VALUES (14, 'The Quick and the Dead', '1995-02-10', 0, 'Ellen, a mysterious gunslinger, arrives in Redemption to seek revenge on Herod, the ruthless leader of the place. However, she must first defeat highly skilled gunslingers in an elimination contest.', 0, 0, 0);
INSERT INTO Aparat.film (id, name, release_date, price, details, viewers, rate_avg, rates) VALUES (15, 'Venom', '2018-10-10', 0, 'While trying to take down Carlton, the CEO of Life Foundation, Eddie, a journalist, investigates experiments of human trials. Unwittingly, he gets merged with a symbiotic alien with lethal abilities.', 0, 0, 0);
INSERT INTO Aparat.film (id, name, release_date, price, details, viewers, rate_avg, rates) VALUES (16, 'League of Gods', '2016-07-26', 0, 'Chaos ensues when the soul of King Zhou of Shang becomes corrupted after a devious female spirit disguises herself as one of his concubines and lures the king to the dark side.', 0, 0, 0);
INSERT INTO Aparat.film (id, name, release_date, price, details, viewers, rate_avg, rates) VALUES (17, 'Hotel Transylvania', '2012-09-20', 0, 'Count Dracula runs a high-end resort for monsters and is overprotective of his daughter, Mavis. When a human named Johnny enters the hotel, Dracula tries to prevent Mavis from falling for him.', 0, 0, 0);
INSERT INTO Aparat.film (id, name, release_date, price, details, viewers, rate_avg, rates) VALUES (18, 'Smurfs: The Lost Village', '2017-03-25', 0, 'Smurfette and her friends go to the Forbidden Forest to find a lost village. When the evil wizard Gargamel gets to know of this, he devises a plan to stop the smurfs from discovering the town.', 0, 0, 0);
INSERT INTO Aparat.category (id, name) VALUES (1, 'Action');
INSERT INTO Aparat.category (id, name) VALUES (2, 'Adventure');
INSERT INTO Aparat.category (id, name) VALUES (3, 'Comedy');
INSERT INTO Aparat.category (id, name) VALUES (4, 'Drama');
INSERT INTO Aparat.category (id, name) VALUES (5, 'Historical');
INSERT INTO Aparat.category (id, name) VALUES (6, 'Western');
INSERT INTO Aparat.category (id, name) VALUES (7, 'Fantasy');
INSERT INTO Aparat.category (id, name) VALUES (8, 'Animation');
INSERT INTO Aparat.film_category (film_id, category_id) VALUES (1, 1);
INSERT INTO Aparat.film_category (film_id, category_id) VALUES (2, 1);
INSERT INTO Aparat.film_category (film_id, category_id) VALUES (3, 1);
INSERT INTO Aparat.film_category (film_id, category_id) VALUES (13, 1);
INSERT INTO Aparat.film_category (film_id, category_id) VALUES (5, 2);
INSERT INTO Aparat.film_category (film_id, category_id) VALUES (7, 2);
INSERT INTO Aparat.film_category (film_id, category_id) VALUES (8, 2);
INSERT INTO Aparat.film_category (film_id, category_id) VALUES (4, 3);
INSERT INTO Aparat.film_category (film_id, category_id) VALUES (5, 3);
INSERT INTO Aparat.film_category (film_id, category_id) VALUES (6, 3);
INSERT INTO Aparat.film_category (film_id, category_id) VALUES (8, 3);
INSERT INTO Aparat.film_category (film_id, category_id) VALUES (6, 4);
INSERT INTO Aparat.film_category (film_id, category_id) VALUES (9, 4);
INSERT INTO Aparat.film_category (film_id, category_id) VALUES (10, 4);
INSERT INTO Aparat.film_category (film_id, category_id) VALUES (12, 4);
INSERT INTO Aparat.film_category (film_id, category_id) VALUES (11, 5);
INSERT INTO Aparat.film_category (film_id, category_id) VALUES (12, 5);
INSERT INTO Aparat.film_category (film_id, category_id) VALUES (13, 6);
INSERT INTO Aparat.film_category (film_id, category_id) VALUES (14, 6);
INSERT INTO Aparat.film_category (film_id, category_id) VALUES (15, 7);
INSERT INTO Aparat.film_category (film_id, category_id) VALUES (16, 7);
INSERT INTO Aparat.film_category (film_id, category_id) VALUES (5, 8);
INSERT INTO Aparat.film_category (film_id, category_id) VALUES (17, 8);
INSERT INTO Aparat.film_category (film_id, category_id) VALUES (18, 8);
INSERT INTO Aparat.film_creator (film_id, creator_firstname, creator_lastname, role) VALUES (2, 'John', 'Woo', 'director');
INSERT INTO Aparat.film_creator (film_id, creator_firstname, creator_lastname, role) VALUES (2, 'Chow', 'Yun-fat', 'actor');
INSERT INTO Aparat.film_creator (film_id, creator_firstname, creator_lastname, role) VALUES (2, 'John', 'Woo', 'film writer');
INSERT INTO Aparat.film_creator (film_id, creator_firstname, creator_lastname, role) VALUES (1, 'Tom', 'Cruise', 'actor');
INSERT INTO Aparat.film_creator (film_id, creator_firstname, creator_lastname, role) VALUES (1, 'Bruce', 'Geller', 'director');
INSERT INTO Aparat.film_creator (film_id, creator_firstname, creator_lastname, role) VALUES (4, 'Ryan', 'Reynolds', 'producer');
INSERT INTO Aparat.film_creator (film_id, creator_firstname, creator_lastname, role) VALUES (4, 'Shawn', 'Levy', 'director');
INSERT INTO Aparat.film_creator (film_id, creator_firstname, creator_lastname, role) VALUES (4, 'Ryan', 'Reynolds', 'actor');
INSERT INTO Aparat.film_creator (film_id, creator_firstname, creator_lastname, role) VALUES (5, 'Tim', 'Hill', 'director');
INSERT INTO Aparat.film_creator (film_id, creator_firstname, creator_lastname, role) VALUES (7, 'Robert', 'Rodriguez', 'director');
INSERT INTO Aparat.film_creator (film_id, creator_firstname, creator_lastname, role) VALUES (9, 'Rakeysh ', 'Omprakash', 'director');
INSERT INTO Aparat.film_creator (film_id, creator_firstname, creator_lastname, role) VALUES (9, 'Farhan', 'Akhtar', 'actor');
INSERT INTO Aparat.film_tag (film_id, tag_name) VALUES (5, '#SpongeBob');
INSERT INTO Aparat.film_tag (film_id, tag_name) VALUES (5, '#Patrick');
INSERT INTO Aparat.film_tag (film_id, tag_name) VALUES (9, '#Toofaan');